{"cameraMode":{"drawMode":0,"name":"Shaded","section":"Shading Mode"},"sceneLighting":true,"audioPlay":false,"sceneViewState":{"m_AlwaysRefresh":false,"showFog":true,"showSkybox":true,"showFlares":true,"showImageEffects":true,"showParticleSystems":true,"showVisualEffectGraphs":true,"m_FxEnabled":true},"in2DMode":false,"pivot":{"x":-6.945323944091797,"y":-1.6666799783706666,"z":-11.704817771911621},"rotation":{"x":0.2888006567955017,"y":0.03746190294623375,"z":-0.010895360261201859,"w":0.9568753838539124},"size":1.073682427406311,"orthographic":false}